{
  "prusti-tests/tests/verify/pass/rosetta/Knuth_shuffle.rs": [
    1.8114633650000087,
    1.627037294000047,
    1.6550200980000227,
    1.7069282989999692,
    1.6228034430000662,
    1.5769258450000052,
    1.530544745000043,
    1.585205760000008,
    1.556778234000035,
    1.562528747999977
  ],
  "prusti-tests/tests/verify/pass/demos/account.rs": [
    0.7391575999999986,
    0.6800161580000577,
    0.7124483879999843,
    0.7330821699999888,
    0.7333946679999599,
    0.7571782630000143,
    0.7369455790000075,
    0.7180809010000075,
    0.7209170099999938,
    0.7213635110000496
  ]
}