{
  "prusti-tests/tests/verify/pass/rosetta/Knuth_shuffle.rs": [
    2.507938741999851,
    2.2606101310000213,
    2.0952637190000587,
    2.1073499379999703,
    2.0572192370000266,
    2.179941744999951,
    2.0557910859999993,
    2.084108663000052,
    2.046741611000016,
    2.125904363000018
  ],
  "prusti-tests/tests/verify/pass/demos/account.rs": [
    0.8348497859999497,
    0.8824230460002127,
    0.8974317940001129,
    0.8293220549999205,
    0.8848227430000861,
    0.8744165030000204,
    0.8425386889998663,
    0.893144158999803,
    0.8948085609999907,
    0.91196181600003
  ]
}