{
  "prusti-tests/tests/verify/pass/rosetta/Knuth_shuffle.rs": [
    2.595996788000093,
    2.2851046470000256,
    2.0397348360000933,
    2.17209289799996,
    2.030213735000075,
    2.177652804000104,
    2.038972340999976,
    2.1074200740000606,
    2.092581367999969,
    2.0245490390000214
  ],
  "prusti-tests/tests/verify/pass/demos/account.rs": [
    0.9424087370000507,
    0.9227812279999625,
    0.8658800019999262,
    0.9471167399999558,
    1.0796909020000385,
    0.9146973260000095,
    0.9890275600000678,
    0.965402250000011,
    0.8966297179999856,
    1.1238454240000237
  ]
}