{
  "prusti-tests/tests/verify/pass/rosetta/Knuth_shuffle.rs": [
    2.177463590000002,
    1.8017899339999985,
    1.8048043139999663,
    1.686179644000049,
    1.7043513849999954,
    1.6209091879999278,
    1.6556871029999911,
    1.55569334300003,
    1.64052836999997,
    1.5845645619999686
  ],
  "prusti-tests/tests/verify/pass/demos/account.rs": [
    0.7880350749999252,
    0.8301102920000858,
    0.8159039390000089,
    0.7691748579999285,
    0.7758611159999873,
    0.7763268119999793,
    0.9100152479999224,
    0.7917119499999217,
    0.8063735880000422,
    0.782832841999948
  ]
}