{
  "prusti-tests/tests/verify/pass/rosetta/Knuth_shuffle.rs": [
    2.651575993999927,
    2.2497725949999676,
    2.097148584000024,
    2.1129894210000657,
    2.420499995,
    2.0371361320000005,
    1.9030731659998992,
    1.998148436000065,
    1.8680795989999979,
    2.0077845289999914
  ],
  "prusti-tests/tests/verify/pass/demos/account.rs": [
    1.0283981640000093,
    0.9628740399999742,
    0.8997818340000094,
    0.947256818000028,
    0.9601656229999662,
    0.9090562129999853,
    0.8889682539999058,
    1.1028731769999922,
    0.9579886120000083,
    0.9445932070000254
  ]
}