{
  "prusti-tests/tests/verify/pass/rosetta/Knuth_shuffle.rs": [
    2.4049052490000804,
    2.207520948000024,
    1.997531767000055,
    2.100304759000096,
    1.9610719739999922,
    2.444331492999936,
    1.9927926520000483,
    1.8921940399999357,
    1.9703525620000164,
    1.9433977589999358
  ],
  "prusti-tests/tests/verify/pass/demos/account.rs": [
    1.0014202780000687,
    0.9948446270000204,
    1.0774834899999632,
    0.9810362239999222,
    0.9616123870000592,
    0.9763173840000263,
    0.9699172360000148,
    0.98447373099998,
    1.161616337000055,
    1.0212347729999465
  ]
}