{
  "prusti-tests/tests/verify/pass/rosetta/Knuth_shuffle.rs": [
    2.0094862690000355,
    1.7510131789999832,
    1.660290152000016,
    2.194170920000033,
    1.628779279000014,
    1.5680339280000908,
    1.59977190099994,
    1.5469823439999573,
    1.5394523510000226,
    1.5446974459999865
  ],
  "prusti-tests/tests/verify/pass/demos/account.rs": [
    0.7031715289999738,
    0.7187136170000485,
    0.7438334970000824,
    0.802989747999959,
    0.7044411280000986,
    0.7133580209999764,
    0.7141138199999659,
    0.7080672250000362,
    0.7159742190000316,
    0.8764279880000458
  ]
}