{
  "prusti-tests/tests/verify/pass/rosetta/Knuth_shuffle.rs": [
    2.3874011310001606,
    2.048422295999899,
    1.9780873400000019,
    1.9201709239998763,
    1.789075640999954,
    1.8377195389998633,
    1.7802735780001058,
    2.247504213999946,
    1.8127594990000944,
    1.7359643219999725
  ],
  "prusti-tests/tests/verify/pass/demos/account.rs": [
    0.9691055890000371,
    0.8632093389999227,
    0.8645402280001235,
    0.897220649000019,
    0.8855320149998533,
    0.853693943000053,
    1.0977767189999668,
    0.9083526849999544,
    0.8293514220001725,
    0.8701455700002043
  ]
}